email,is_throwaway,checked_at,hashed_email
sdickson@csulb.edu,False,2024-12-31 21:44:31.703624,726d0148591418a4276247167e65d3cb1741dd06debe73cb2914df5e1de0ba23
hcrosby@getmails.eu,True,2024-12-31 21:44:32.026683,9adecd10233add1398eb2fa8d97741db3b20719e841ac067f98ea2ae45b36fad
eoconnor@163.com,False,2024-12-31 21:44:32.282007,227eeca350a545ee779d798b87ccbcc9594332d3864932c488428b0bff43488c
pmcbride@utoronto.ca,False,2024-12-31 21:44:32.561497,032252549e1f3128dbc097a65f9a733428a5fd8f7ad8ee70a4af6b60603272ce
kporter@gmail.com,False,2024-12-31 21:44:32.768985,ba9d503eaecdb83673c96888ab0bcf9017a21892f02b469d80c571df9077595e
rwebb@durasak.co.uk,False,2024-12-31 21:44:33.138031,ef4e0e426178846a21b6c5689769e1ec8ad94d1fb9b77abe10e20e4c1659afee
amueller@louisiana.edu,False,2024-12-31 21:44:33.452664,1956b4067498b8305b437358b0ea23243b65b632825edad0386f62d670254a75
atorres@chu-dijon.fr,False,2024-12-31 21:44:33.781511,afbabfe75886f6e3e966575cb5c7ab3c8322fb28975c5dd2383c412e62ec97c6
vlang@gmail.com,False,2024-12-31 21:44:33.953217,62eb564e18c628bca2c0739c3f4218d5216eeebb8dc9de20e04ca5e5d925ed98
wday@gmail.com,False,2024-12-31 21:44:34.033545,7ff337745651242e4bdbf877ecffe5acbc69994320de704e00d44fed881abebb
hhicks@mac.com,False,2024-12-31 21:44:34.351404,d70396a63405884f0dae49ecf13a4f7f02e5e2378813a71e47a5a8639085ff35
mgonzales@hotmail.com,False,2024-12-31 21:44:34.639597,de5fcf6dc37059ebed3f617b325a9208593ec1fde50d246069e19b195a9e72e5
hreeves@my.unt.edu,False,2024-12-31 21:44:34.982791,22dbe4cd96f06cb68b52abf84711924991ad8e7464ba851d5cac683d04a7e36e
czhang@hotmail.com,False,2024-12-31 21:44:35.130168,cb04c3f44e4c715b5fc29cfa6483691cbb5ce67a9da871d95ce0c8f2207726df
sward@news.com.au,False,2024-12-31 21:44:35.442577,adbabaa2be42c455c9794b03d0944c0578c4b820aba63e81959168b95a0de5e6
jcurtis@amc.seoul.kr,False,2024-12-31 21:44:35.733338,05e34c357e30c0c457fd929fbf5cdaf78d96e226d3b98d7969d9e930f5cfd766
apaul@gmail.com,False,2024-12-31 21:44:35.843087,2232257bc6e8fd5647168ca74b95ee5a22655aa13f844bb76551ce33f3fe9e66
nhuber@uoit.ca,False,2024-12-31 21:44:36.128018,eaf5a7d38ffec1fd74e365f0c0889f0fea94a252eb9e749d986d646a2e459e93
rgolden@phc.ox.ac.uk,False,2024-12-31 21:44:36.447390,22c23f3b897f85329e487d45dee6b9e0af153a928dae9965869793af4042eef3
arodriguez@protonmail.com,False,2024-12-31 21:44:36.771539,f60da901a9ff75e52e517ab83cc06ba35c5bb5debb3c7bb9c070bbfb98014028
emurray@femailtor.com,True,2024-12-31 21:44:37.079626,12225ca080c40e552eb56ec9db7aee65b73153ab343a2f46179f9ec28cfed176
aahmed@gmail.com,False,2024-12-31 21:44:37.195884,770b646370527c28427acd6d0c3e59a932d7ff71816aa6bdf433b984cc14aa40
jpitts@alum.mit.edu,False,2024-12-31 21:44:37.546394,8a58dab96a107658b1870d748d8608a854691776f1ffb7cee61e1299aa8cc374
tvu@gmail.com,False,2024-12-31 21:44:37.701202,6ec02caf8c6521a72d7c452e53680c5d06cab9dce50451307d952565f49fe699
kwang@wspa.org,False,2024-12-31 21:44:38.065855,5c5b71b79ae3a15b8e50f2e9310d009752e0eb47c3e08bdb4ca3dc97aa74965a
chebert@bakersfieldcollege.edu,False,2024-12-31 21:44:38.372612,486065e093945486c61b24dc6f3a5875cd03fe454e743f3f199bc9062d6adead
kvu@kresslypediatrics.com,False,2024-12-31 21:44:38.681199,fa8229c366aedafd6cd6836d19a22a2a57abc46157343889569875a9bde0b5f1
kberg@flurred.com,True,2024-12-31 21:44:38.997000,22d14b4d439448c5c108a9ccb7850266237b81ad2382b33a852df264010cdfd9
epearson@gmail.com,False,2024-12-31 21:44:39.126073,0b5f77cff1f0f93340898c2c4ed8b046c54a7c06574b70b459bc80f2d93665d7
gkent@health.ucsd.edu,False,2024-12-31 21:44:39.417819,1b4edc0f4c703858952ee2d3382b605031e09b38883276522e74223ed4990786
jhutchinson@mail.nih.gov,False,2024-12-31 21:44:39.750121,7382b9e8441030bff0b102440e7f9a1d0cd4de2ebc0ae0054c5dc3ff348e69fa
karias@yahoo.com,False,2024-12-31 21:44:40.040362,f9873a2bf80fb9609c15897c11e8b8dde4dbdd8d457ff59f25e70b6a443a4ad2
awagner@mix.wvu.edu,False,2024-12-31 21:44:40.353658,735487d87828bd3212b605e2d6f4549ee99dcfac10833c96a1575326cef22406
enielsen@gmail.com,False,2024-12-31 21:44:40.526469,828bbea8fa14dd4e652a2ddf52776f00d9e9e5102e134b7fb55b02d73ba52f3c
vgalvan@163.com,False,2024-12-31 21:44:40.691147,57928543009f1b0d810432c25b5f0ba98ce15b5f76e8066abe5c10c2703dcece
kwatts@umc.edu.dz,False,2024-12-31 21:44:40.995152,2f11decf1cf50713d5755209bf0c613a2ea72b71ea9184576fc5de003b198b37
mnunez@umsl.edu,False,2024-12-31 21:44:41.315635,e830968e3d5d3b1118c16be20e2b9d74864e7e6f74dddc6b5d7da694dd8da05b
cmaldonado@163.com,False,2024-12-31 21:44:41.456079,ac2a3246a523bb75d21838c4e929c82332a5215490c26649cff21783adc6e745
erowland@vet-nantes.fr,False,2024-12-31 21:44:41.737382,d89836c828048ca7e98be962fbac63db1f1f9734ded39d82228c8bf4ca17c504
eschroeder@inn.no,False,2024-12-31 21:44:42.050531,1cd7a268720a96a4ccb35cdf55de4c01616b2294a5c783230a7c248a8b8b9c33
cfletcher@gamail.top,True,2024-12-31 21:44:42.342507,cb5021dfb2dd6441909b4d65a863bb2ae47b9a1acd958d1a7501c9cb99ad57ab
jwilkinson@yahoo.com,False,2024-12-31 21:44:42.466810,e2586df31cf225e022219c9eb9c7688a5ad5070d331a6c72d6d934e5bcccaf75
sgrimes@yahoo.com,False,2024-12-31 21:44:42.604492,5ba699919423ad9827a0142455b4da9e0624a77b36d60b1882e2d0f84dce5037
hrasmussen@qq.com,False,2024-12-31 21:44:42.854467,e6d3814ee7097cbb440041facabb36f0baaa8a53169b0749720578be06fc102f
esheppard@rpi.edu,False,2024-12-31 21:44:43.189940,cd09b4b1123f285aa8e20e7b08c68339e6fdba790abf737f9bb531a15b75b57a
twarren@drmgrdu.ac.in,False,2024-12-31 21:44:43.493783,1fb49c1e2ecfe524165572fe7590cd8b00bb626bcdb2da404a27ee984bf6b811
smeyers@mailcatch.com,True,2024-12-31 21:44:43.868128,428b7b2fb36b3a6a028ec0f7c0847a7cc52298b1cfa284cf76d4ad972768e853
jcurry@ivc.edu,False,2024-12-31 21:44:44.189331,7beda31d19fe37745bdd4975f4f402799eea11bf34266d0f0d30089d1f3fbc49
agallegos@gmail.com,False,2024-12-31 21:44:44.344539,f8854fd09ce2acff87fcf4b0209529db98ca847429b3ea4a9d3744897b6b579d
jbonilla@tcnj.edu,False,2024-12-31 21:44:44.696783,e68a9d75ff87627a9eddbe0de1730c568362c00080a2e9ff875f56bad6f62558
